{"cameraMode":{"drawMode":0,"name":"Shaded","section":"Shading Mode"},"sceneLighting":true,"audioPlay":false,"sceneViewState":{"m_AlwaysRefresh":false,"showFog":true,"showSkybox":true,"showFlares":true,"showImageEffects":true,"showParticleSystems":true,"showVisualEffectGraphs":true,"m_FxEnabled":true},"in2DMode":false,"pivot":{"x":-0.42215943336486819,"y":2.131845474243164,"z":3.7876644134521486},"rotation":{"x":0.08781401813030243,"y":0.13997983932495118,"z":-0.012472566217184067,"w":0.9862013459205627},"size":6.833684921264648,"orthographic":false}